Workbook

Sheet Overview
A1: The data for this exercise are drawn from various sources.
A3: Load data: | B3: https://openei.org/datasets/files/961/pub/RESIDENTIAL_LOAD_DATA_E_PLUS_OUTPUT/BASE/
B4: This is profile load data provided by OpenEI for a typical home in Boston, MA
A6: Solar Data: | B6: https://pvwatts.nrel.gov/pvwatts.php
B7: This is a solar output model produced by NREL, for location Lat, Lon: 42.37, -71.06, near Logan Airport.
A9: Wind Data: | B9: https://www.ncdc.noaa.gov/cdo-web/datatools/lcd
B10: This is climatalogical data from NOAA, showing wind speeds at 80 meters at location Lat,Lon: 42.3606°, -71.0097°, also near Logan.
B11: These wind speed data are then run through the power curve for a GE model 1.5sle wind turbine.
A13: The battery storage algorithm is a standard myopic ("greedy") algorithm, which starts out full and then discharges to meet any energy deficit, and stores any surplus. Any escess generation that cannot be stored is assumed to be curtailed.
A15: Annualized costs use Excel's PMT function to calculate the annuity payment for a calculated upfront cost, an interest rate (5%) and a useful life (20 years for the wind and solar, 10 years for the battery).

Sheet Hourly Model
A3: Note: | B3: Only shaded cells can be changed. (You can change anything you like if you go into Tools:Protection and Unprotect the sheet; there is no password)
B4: The View Month (orange shaded) is set by default to the Worst Month. You can change it to view any month you like
B5: The Solar, Wind, and Battery cells turn greeen when the combination meets the load requirement.
M6: Objective: | O6: Select the amount of Solar, Wind, and Battery necessary to meet the load requirements. The upper graph shows the load (blue), solar output (orange) and wind output (green) in the worst month. The lower graph shows the battery level. If the battery ever gets empty, then you are not satisfying the load requirement.
B7: Load (kWH) | C7: Solar (kW) | D7: Wind (kW) | E7: Battery (kWH) | M7: Questions: | N7: 1) | O7: How much energy does your system generate? How much gets curtailed?
B8: 10000 | C8: 10 | D8: 10 | E8: 10 | N8: 2) | O8: Can you design a system that does not curtail any energy? How?
B9: Cost per unit | N9: 3) | O9: Now add a cost per unit of $800 for solar, $1900 for wind, and $400 for battery storage
B10: Cost per Year | C10: =-PMT(0.05,20,C9*C8) -> 0 | D10: =-PMT(0.05,20,D9*D8) -> 0 | E10: =-PMT(0.05,10,E9*E8) -> 0 | F10: Total: | G10: =E10+D10+C10 -> 0 | K10: Cost per MWh Generated: | L10: =G10/C12*1000 -> 0 | N10: 4) | O10: What is the cost of the system with no curtailment?
B11: Cost per MWH Generated: | C11: =C10/C12*1000 -> 0 | D11: =D10/D12*1000 -> 0 | K11: Cost per MWh Consumed: | L11: =G10/B12*1000 -> 0 | N11: 5) | O11: Can you find the lowest cost system that meets the load requirement?
A12: Total kWH | B12: =SUM('8760'!B2:B8761)/1000 -> 10000 | C12: =SUM('8760'!C2:C8761)/1000 -> 14989.898 | D12: =SUM('8760'!D2:D8761)/1000 -> 20912.113 | F12: Hours Curtailed: | G12: =D12+C12-B12 -> 25902.011 | H12: =G12/(D12+C12) -> 0.72146407 | N12: 6) | O12: For your lowest cost system, what is the cost of energy per kWH generated? Per kWH consumed?
F13: Hours Dark: | G13: =COUNTIF('8760'!E2:E8761,"=0") -> 530 | H13: =G13/8760 -> 0.060502283 | N13: 7) | O13: Using only solar and battery, calculate the cost per MWh consumed for a system that meets the load
O14: in every hour. What would be the cost if you were willing to go dark in 5% of the hours?
B15: Worst Day: | C15: =OFFSET('8760'!A2,E16,0) -> 43468 | E15: View Month | F15: =C16 -> 1 | G15: =DATE(2017,F15,1) -> 42736
B16: Worst Month: | C16: =MONTH(C15) -> 1 | E16: =MATCH(MIN('8760'!I2:I8761),'8760'!I2:I8761,0) -> 48 | F16: =MIN('8760'!I2:I8761) -> -20034.854 | G16: =F16=0 -> FALSE
E17: Offset | F17: =DATE(2017,F15,1)-42736 -> 0
A18: Date-Hour | B18: Load (W) | C18: Solar Output (W) | D18: Wind Output (W) | E18: Battery Storage (WH)
A19: =OFFSET('8760'!A2,$F$17*24,0) -> 43466 | B19: =OFFSET('8760'!B2,$F$17*24,0) -> 1042.0208 | C19: =OFFSET('8760'!C2,$F$17*24,0) -> 0 | D19: =OFFSET('8760'!D2,$F$17*24,0) -> 2773.3333 | E19: =OFFSET('8760'!E2,$F$17*24,0) -> 10000
A20: =OFFSET('8760'!A3,$F$17*24,0) -> 43466.042 | B20: =OFFSET('8760'!B3,$F$17*24,0) -> 893.31918 | C20: =OFFSET('8760'!C3,$F$17*24,0) -> 0 | D20: =OFFSET('8760'!D3,$F$17*24,0) -> 4266.6667 | E20: =OFFSET('8760'!E3,$F$17*24,0) -> 10000
A21: =OFFSET('8760'!A4,$F$17*24,0) -> 43466.083 | B21: =OFFSET('8760'!B4,$F$17*24,0) -> 839.80142 | C21: =OFFSET('8760'!C4,$F$17*24,0) -> 0 | D21: =OFFSET('8760'!D4,$F$17*24,0) -> 2773.3333 | E21: =OFFSET('8760'!E4,$F$17*24,0) -> 10000
A22: =OFFSET('8760'!A5,$F$17*24,0) -> 43466.125 | B22: =OFFSET('8760'!B5,$F$17*24,0) -> 821.51686 | C22: =OFFSET('8760'!C5,$F$17*24,0) -> 0 | D22: =OFFSET('8760'!D5,$F$17*24,0) -> 4266.6667 | E22: =OFFSET('8760'!E5,$F$17*24,0) -> 10000
A23: =OFFSET('8760'!A6,$F$17*24,0) -> 43466.167 | B23: =OFFSET('8760'!B6,$F$17*24,0) -> 816.14134 | C23: =OFFSET('8760'!C6,$F$17*24,0) -> 0 | D23: =OFFSET('8760'!D6,$F$17*24,0) -> 6160 | E23: =OFFSET('8760'!E6,$F$17*24,0) -> 10000
A24: =OFFSET('8760'!A7,$F$17*24,0) -> 43466.208 | B24: =OFFSET('8760'!B7,$F$17*24,0) -> 873.20333 | C24: =OFFSET('8760'!C7,$F$17*24,0) -> 0 | D24: =OFFSET('8760'!D7,$F$17*24,0) -> 2773.3333 | E24: =OFFSET('8760'!E7,$F$17*24,0) -> 10000
A25: =OFFSET('8760'!A8,$F$17*24,0) -> 43466.25 | B25: =OFFSET('8760'!B8,$F$17*24,0) -> 1122.6479 | C25: =OFFSET('8760'!C8,$F$17*24,0) -> 0 | D25: =OFFSET('8760'!D8,$F$17*24,0) -> 2773.3333 | E25: =OFFSET('8760'!E8,$F$17*24,0) -> 10000
A26: =OFFSET('8760'!A9,$F$17*24,0) -> 43466.292 | B26: =OFFSET('8760'!B9,$F$17*24,0) -> 1499.8922 | C26: =OFFSET('8760'!C9,$F$17*24,0) -> 0 | D26: =OFFSET('8760'!D9,$F$17*24,0) -> 2773.3333 | E26: =OFFSET('8760'!E9,$F$17*24,0) -> 10000
A27: =OFFSET('8760'!A10,$F$17*24,0) -> 43466.333 | B27: =OFFSET('8760'!B10,$F$17*24,0) -> 1448.3726 | C27: =OFFSET('8760'!C10,$F$17*24,0) -> 708.2896 | D27: =OFFSET('8760'!D10,$F$17*24,0) -> 4266.6667 | E27: =OFFSET('8760'!E10,$F$17*24,0) -> 10000
A28: =OFFSET('8760'!A11,$F$17*24,0) -> 43466.375 | B28: =OFFSET('8760'!B11,$F$17*24,0) -> 1236.4919 | C28: =OFFSET('8760'!C11,$F$17*24,0) -> 1129.5231 | D28: =OFFSET('8760'!D11,$F$17*24,0) -> 7873.3333 | E28: =OFFSET('8760'!E11,$F$17*24,0) -> 10000
A29: =OFFSET('8760'!A12,$F$17*24,0) -> 43466.417 | B29: =OFFSET('8760'!B12,$F$17*24,0) -> 1252.2673 | C29: =OFFSET('8760'!C12,$F$17*24,0) -> 1224.4694 | D29: =OFFSET('8760'!D12,$F$17*24,0) -> 7873.3333 | E29: =OFFSET('8760'!E12,$F$17*24,0) -> 10000
A30: =OFFSET('8760'!A13,$F$17*24,0) -> 43466.458 | B30: =OFFSET('8760'!B13,$F$17*24,0) -> 1215.4377 | C30: =OFFSET('8760'!C13,$F$17*24,0) -> 1659.0774 | D30: =OFFSET('8760'!D13,$F$17*24,0) -> 9573.3333 | E30: =OFFSET('8760'!E13,$F$17*24,0) -> 10000
... A762: =OFFSET('8760'!A745,$F$17*24,0) -> 43496.958 | B762: =OFFSET('8760'!B745,$F$17*24,0) -> 1386.1312 | C762: =OFFSET('8760'!C745,$F$17*24,0) -> 0 | D762: =OFFSET('8760'!D745,$F$17*24,0) -> 0 | E762: =OFFSET('8760'!E745,$F$17*24,0) -> 0

Sheet 8760
A1: Date-Hour | B1: Load | C1: Solar | D1: Wind | E1: Battery at Start | F1: Net Energy | G1: Energy to/from Battery | I1: Deficit
A2: 43466 | B2: ='Load Profile'!E5 -> 1042.0208 | C2: ='Solar Output'!E6 -> 0 | D2: ='Wind Output'!E9 -> 2773.3333 | E2: ='Hourly Model'!E8*1000 -> 10000 | F2: =D2+C2-B2 -> 1731.3126 | G2: =IF(F2>0,MIN('Hourly Model'!$E$8*1000-E2,F2),MAX(-E2,F2)) -> 0 | I2: 0
A3: =A2+1/24 -> 43466.042 | B3: ='Load Profile'!E6 -> 893.31918 | C3: ='Solar Output'!E7 -> 0 | D3: ='Wind Output'!E10 -> 4266.6667 | E3: =E2+G2 -> 10000 | F3: =D3+C3-B3 -> 3373.3475 | G3: =IF(F3>0,MIN('Hourly Model'!$E$8*1000-E3,F3),MAX(-E3,F3)) -> 0 | I3: =MIN(I2+F3+E3,0) -> 0
A4: =A3+1/24 -> 43466.083 | B4: ='Load Profile'!E7 -> 839.80142 | C4: ='Solar Output'!E8 -> 0 | D4: ='Wind Output'!E11 -> 2773.3333 | E4: =E3+G3 -> 10000 | F4: =D4+C4-B4 -> 1933.5319 | G4: =IF(F4>0,MIN('Hourly Model'!$E$8*1000-E4,F4),MAX(-E4,F4)) -> 0 | I4: =MIN(I3+F4+E4,0) -> 0
A5: =A4+1/24 -> 43466.125 | B5: ='Load Profile'!E8 -> 821.51686 | C5: ='Solar Output'!E9 -> 0 | D5: ='Wind Output'!E12 -> 4266.6667 | E5: =E4+G4 -> 10000 | F5: =D5+C5-B5 -> 3445.1498 | G5: =IF(F5>0,MIN('Hourly Model'!$E$8*1000-E5,F5),MAX(-E5,F5)) -> 0 | I5: =MIN(I4+F5+E5,0) -> 0
A6: =A5+1/24 -> 43466.167 | B6: ='Load Profile'!E9 -> 816.14134 | C6: ='Solar Output'!E10 -> 0 | D6: ='Wind Output'!E13 -> 6160 | E6: =E5+G5 -> 10000 | F6: =D6+C6-B6 -> 5343.8587 | G6: =IF(F6>0,MIN('Hourly Model'!$E$8*1000-E6,F6),MAX(-E6,F6)) -> 0 | I6: =MIN(I5+F6+E6,0) -> 0
A7: =A6+1/24 -> 43466.208 | B7: ='Load Profile'!E10 -> 873.20333 | C7: ='Solar Output'!E11 -> 0 | D7: ='Wind Output'!E14 -> 2773.3333 | E7: =E6+G6 -> 10000 | F7: =D7+C7-B7 -> 1900.13 | G7: =IF(F7>0,MIN('Hourly Model'!$E$8*1000-E7,F7),MAX(-E7,F7)) -> 0 | I7: =MIN(I6+F7+E7,0) -> 0
A8: =A7+1/24 -> 43466.25 | B8: ='Load Profile'!E11 -> 1122.6479 | C8: ='Solar Output'!E12 -> 0 | D8: ='Wind Output'!E15 -> 2773.3333 | E8: =E7+G7 -> 10000 | F8: =D8+C8-B8 -> 1650.6854 | G8: =IF(F8>0,MIN('Hourly Model'!$E$8*1000-E8,F8),MAX(-E8,F8)) -> 0 | I8: =MIN(I7+F8+E8,0) -> 0
A9: =A8+1/24 -> 43466.292 | B9: ='Load Profile'!E12 -> 1499.8922 | C9: ='Solar Output'!E13 -> 0 | D9: ='Wind Output'!E16 -> 2773.3333 | E9: =E8+G8 -> 10000 | F9: =D9+C9-B9 -> 1273.4411 | G9: =IF(F9>0,MIN('Hourly Model'!$E$8*1000-E9,F9),MAX(-E9,F9)) -> 0 | I9: =MIN(I8+F9+E9,0) -> 0
A10: =A9+1/24 -> 43466.333 | B10: ='Load Profile'!E13 -> 1448.3726 | C10: ='Solar Output'!E14 -> 708.2896 | D10: ='Wind Output'!E17 -> 4266.6667 | E10: =E9+G9 -> 10000 | F10: =D10+C10-B10 -> 3526.5837 | G10: =IF(F10>0,MIN('Hourly Model'!$E$8*1000-E10,F10),MAX(-E10,F10)) -> 0 | I10: =MIN(I9+F10+E10,0) -> 0
A11: =A10+1/24 -> 43466.375 | B11: ='Load Profile'!E14 -> 1236.4919 | C11: ='Solar Output'!E15 -> 1129.5231 | D11: ='Wind Output'!E18 -> 7873.3333 | E11: =E10+G10 -> 10000 | F11: =D11+C11-B11 -> 7766.3645 | G11: =IF(F11>0,MIN('Hourly Model'!$E$8*1000-E11,F11),MAX(-E11,F11)) -> 0 | I11: =MIN(I10+F11+E11,0) -> 0
A12: =A11+1/24 -> 43466.417 | B12: ='Load Profile'!E15 -> 1252.2673 | C12: ='Solar Output'!E16 -> 1224.4694 | D12: ='Wind Output'!E19 -> 7873.3333 | E12: =E11+G11 -> 10000 | F12: =D12+C12-B12 -> 7845.5355 | G12: =IF(F12>0,MIN('Hourly Model'!$E$8*1000-E12,F12),MAX(-E12,F12)) -> 0 | I12: =MIN(I11+F12+E12,0) -> 0
A13: =A12+1/24 -> 43466.458 | B13: ='Load Profile'!E16 -> 1215.4377 | C13: ='Solar Output'!E17 -> 1659.0774 | D13: ='Wind Output'!E20 -> 9573.3333 | E13: =E12+G12 -> 10000 | F13: =D13+C13-B13 -> 10016.973 | G13: =IF(F13>0,MIN('Hourly Model'!$E$8*1000-E13,F13),MAX(-E13,F13)) -> 0 | I13: =MIN(I12+F13+E13,0) -> 0
A14: =A13+1/24 -> 43466.5 | B14: ='Load Profile'!E17 -> 1168.2547 | C14: ='Solar Output'!E18 -> 2055.2789 | D14: ='Wind Output'!E21 -> 9060 | E14: =E13+G13 -> 10000 | F14: =D14+C14-B14 -> 9947.0241 | G14: =IF(F14>0,MIN('Hourly Model'!$E$8*1000-E14,F14),MAX(-E14,F14)) -> 0 | I14: =MIN(I13+F14+E14,0) -> 0
... A8761: =A8760+1/24 -> 43830.958 | B8761: ='Load Profile'!E8764 -> 1322.8506 | C8761: ='Solar Output'!E8765 -> 0 | D8761: ='Wind Output'!E8768 -> 6160 | E8761: =E8760+G8760 -> 9997.5191 | F8761: =D8761+C8761-B8761 -> 4837.1494 | G8761: =IF(F8761>0,MIN('Hourly Model'!$E$8*1000-E8761,F8761),MAX(-E8761,F8761)) -> 2.4809421 | I8761: =MIN(I8760+F8761+E8761,0) -> 0

Sheet Load Profile
A1: https://openei.org/datasets/files/961/pub/RESIDENTIAL_LOAD_DATA_E_PLUS_OUTPUT/BASE/
A2: USA_MA_Boston-Logan.Intl.AP.725090_TMY3_BASE
D3: Annual Load | E3: =1000*'Hourly Model'!B8 -> 10000000
A4: Date | B4: Month | C4: Hour | D4: Electricity:Facility [kW](Hourly) | E4: Load
A5: 42736 | B5: =MONTH(A5) -> 1 | C5: =HOUR(A5) -> 0 | D5: 0.93892529 | E5: =D5*$E$3/$D$8765 -> 1042.0208
A6: =A5+1/24 -> 42736.042 | B6: =MONTH(A6) -> 1 | C6: =HOUR(A6) -> 1 | D6: 0.80493594 | E6: =D6*$E$3/$D$8765 -> 893.31918
A7: =A6+1/24 -> 42736.083 | B7: =MONTH(A7) -> 1 | C7: =HOUR(A7) -> 2 | D7: 0.75671312 | E7: =D7*$E$3/$D$8765 -> 839.80142
A8: =A7+1/24 -> 42736.125 | B8: =MONTH(A8) -> 1 | C8: =HOUR(A8) -> 3 | D8: 0.74023759 | E8: =D8*$E$3/$D$8765 -> 821.51686
A9: =A8+1/24 -> 42736.167 | B9: =MONTH(A9) -> 1 | C9: =HOUR(A9) -> 4 | D9: 0.73539392 | E9: =D9*$E$3/$D$8765 -> 816.14134
A10: =A9+1/24 -> 42736.208 | B10: =MONTH(A10) -> 1 | C10: =HOUR(A10) -> 5 | D10: 0.78681031 | E10: =D10*$E$3/$D$8765 -> 873.20333
A11: =A10+1/24 -> 42736.25 | B11: =MONTH(A11) -> 1 | C11: =HOUR(A11) -> 6 | D11: 1.0115753 | E11: =D11*$E$3/$D$8765 -> 1122.6479
A12: =A11+1/24 -> 42736.292 | B12: =MONTH(A12) -> 1 | C12: =HOUR(A12) -> 7 | D12: 1.3514958 | E12: =D12*$E$3/$D$8765 -> 1499.8922
A13: =A12+1/24 -> 42736.333 | B13: =MONTH(A13) -> 1 | C13: =HOUR(A13) -> 8 | D13: 1.3050734 | E13: =D13*$E$3/$D$8765 -> 1448.3726
A14: =A13+1/24 -> 42736.375 | B14: =MONTH(A14) -> 1 | C14: =HOUR(A14) -> 9 | D14: 1.1141558 | E14: =D14*$E$3/$D$8765 -> 1236.4919
A15: =A14+1/24 -> 42736.417 | B15: =MONTH(A15) -> 1 | C15: =HOUR(A15) -> 10 | D15: 1.1283704 | E15: =D15*$E$3/$D$8765 -> 1252.2673
A16: =A15+1/24 -> 42736.458 | B16: =MONTH(A16) -> 1 | C16: =HOUR(A16) -> 11 | D16: 1.0951847 | E16: =D16*$E$3/$D$8765 -> 1215.4377
A17: =A16+1/24 -> 42736.5 | B17: =MONTH(A17) -> 1 | C17: =HOUR(A17) -> 12 | D17: 1.0526699 | E17: =D17*$E$3/$D$8765 -> 1168.2547
... A8764: =A8763+1/24 -> 43100.958 | B8764: =MONTH(A8764) -> 12 | C8764: =HOUR(A8764) -> 23 | D8764: 1.1919703 | E8764: =D8764*$E$3/$D$8765 -> 1322.8506
D8765: =SUM(D5:D8764) -> 9010.6197 | E8765: =SUM(E5:E8764) -> 10000000

Sheet Wind Output
A1: From: | B1: GridWorks:Raw Data:Weather Data:Suffolk County 2010-2019.xlsx | H1: Source: | I1: https://www.nrel.gov/gis/wind.html
A2: Orig Source: | B2: https://www.ncdc.noaa.gov/cdo-web/datatools/lcd | H2: SiteID | I2: 2379634 | J2: Site Timezone | K2: -5 | L2: Data Timezone | M2: -5 | N2: Longitude | O2: -71.079437 | P2: Latitude | Q2: 42.342056
D6: Capacity Factor: | E6: =E7/(1000*B7*8760) -> 0.23872275
A7: Name Plate (kW) | B7: ='Hourly Model'!D8 -> 10 | E7: =SUM(E9:E8768) -> 20912113 | H7: GE 1.5sle | I7: Power Curve
A8: Date-time | B8: month | C8: hour | D8: Wind Speed (MPH) | E8: Power (W) | H8: Bin | I8: Wind speed (m/s) | J8: Wind Speed (mph) | K8: Power
A9: 42736 | B9: =MONTH(A9) -> 1 | C9: =HOUR(A9) -> 0 | D9: 16.1 | E9: =VLOOKUP(D9,$J$9:$K$27,2)*$B$7/1.5 -> 2773.3333 | H9: 0 | I9: 0 | J9: =2.237*I9 -> 0 | K9: 0
A10: =A9+1/24 -> 42736.042 | B10: =MONTH(A10) -> 1 | C10: =HOUR(A10) -> 1 | D10: 17.825 | E10: =VLOOKUP(D10,$J$9:$K$27,2)*$B$7/1.5 -> 4266.6667 | H10: 1 | I10: 0.5 | J10: =2.237*I10 -> 1.1185 | K10: 0
A11: =A10+1/24 -> 42736.083 | B11: =MONTH(A11) -> 1 | C11: =HOUR(A11) -> 2 | D11: 16.1 | E11: =VLOOKUP(D11,$J$9:$K$27,2)*$B$7/1.5 -> 2773.3333 | H11: 2 | I11: 1.5 | J11: =2.237*I11 -> 3.3555 | K11: 0
A12: =A11+1/24 -> 42736.125 | B12: =MONTH(A12) -> 1 | C12: =HOUR(A12) -> 3 | D12: 18.975 | E12: =VLOOKUP(D12,$J$9:$K$27,2)*$B$7/1.5 -> 4266.6667 | H12: 3 | I12: 2.5 | J12: =2.237*I12 -> 5.5925 | K12: 0
A13: =A12+1/24 -> 42736.167 | B13: =MONTH(A13) -> 1 | C13: =HOUR(A13) -> 4 | D13: 19.55 | E13: =VLOOKUP(D13,$J$9:$K$27,2)*$B$7/1.5 -> 6160 | H13: 4 | I13: 3.5 | J13: =2.237*I13 -> 7.8295 | K13: 43
A14: =A13+1/24 -> 42736.208 | B14: =MONTH(A14) -> 1 | C14: =HOUR(A14) -> 5 | D14: 16.1 | E14: =VLOOKUP(D14,$J$9:$K$27,2)*$B$7/1.5 -> 2773.3333 | H14: 5 | I14: 4.5 | J14: =2.237*I14 -> 10.0665 | K14: 131
A15: =A14+1/24 -> 42736.25 | B15: =MONTH(A15) -> 1 | C15: =HOUR(A15) -> 6 | D15: 16.1 | E15: =VLOOKUP(D15,$J$9:$K$27,2)*$B$7/1.5 -> 2773.3333 | H15: 6 | I15: 5.5 | J15: =2.237*I15 -> 12.3035 | K15: 250
A16: =A15+1/24 -> 42736.292 | B16: =MONTH(A16) -> 1 | C16: =HOUR(A16) -> 7 | D16: 16.675 | E16: =VLOOKUP(D16,$J$9:$K$27,2)*$B$7/1.5 -> 2773.3333 | H16: 7 | I16: 6.5 | J16: =2.237*I16 -> 14.5405 | K16: 416
A17: =A16+1/24 -> 42736.333 | B17: =MONTH(A17) -> 1 | C17: =HOUR(A17) -> 8 | D17: 17.25 | E17: =VLOOKUP(D17,$J$9:$K$27,2)*$B$7/1.5 -> 4266.6667 | H17: 8 | I17: 7.5 | J17: =2.237*I17 -> 16.7775 | K17: 640
A18: =A17+1/24 -> 42736.375 | B18: =MONTH(A18) -> 1 | C18: =HOUR(A18) -> 9 | D18: 23 | E18: =VLOOKUP(D18,$J$9:$K$27,2)*$B$7/1.5 -> 7873.3333 | H18: 9 | I18: 8.5 | J18: =2.237*I18 -> 19.0145 | K18: 924
A19: =A18+1/24 -> 42736.417 | B19: =MONTH(A19) -> 1 | C19: =HOUR(A19) -> 10 | D19: 21.275 | E19: =VLOOKUP(D19,$J$9:$K$27,2)*$B$7/1.5 -> 7873.3333 | H19: 10 | I19: 9.5 | J19: =2.237*I19 -> 21.2515 | K19: 1181
A20: =A19+1/24 -> 42736.458 | B20: =MONTH(A20) -> 1 | C20: =HOUR(A20) -> 11 | D20: 26.45 | E20: =VLOOKUP(D20,$J$9:$K$27,2)*$B$7/1.5 -> 9573.3333 | H20: 11 | I20: 10.5 | J20: =2.237*I20 -> 23.4885 | K20: 1359
A21: =A20+1/24 -> 42736.5 | B21: =MONTH(A21) -> 1 | C21: =HOUR(A21) -> 12 | D21: 25.3 | E21: =VLOOKUP(D21,$J$9:$K$27,2)*$B$7/1.5 -> 9060 | H21: 12 | I21: 11.5 | J21: =2.237*I21 -> 25.7255 | K21: 1436
... A27: =A26+1/24 -> 42736.75 | B27: =MONTH(A27) -> 1 | C27: =HOUR(A27) -> 18 | D27: 9.2 | E27: =VLOOKUP(D27,$J$9:$K$27,2)*$B$7/1.5 -> 286.66667 | H27: 18 | I27: 17.5 | J27: =2.237*I27 -> 39.1475 | K27: 1500
A28: =A27+1/24 -> 42736.792 | B28: =MONTH(A28) -> 1 | C28: =HOUR(A28) -> 19 | D28: 10.925 | E28: =VLOOKUP(D28,$J$9:$K$27,2)*$B$7/1.5 -> 873.33333
A29: =A28+1/24 -> 42736.833 | B29: =MONTH(A29) -> 1 | C29: =HOUR(A29) -> 20 | D29: 9.2 | E29: =VLOOKUP(D29,$J$9:$K$27,2)*$B$7/1.5 -> 286.66667
A30: =A29+1/24 -> 42736.875 | B30: =MONTH(A30) -> 1 | C30: =HOUR(A30) -> 21 | D30: 9.2 | E30: =VLOOKUP(D30,$J$9:$K$27,2)*$B$7/1.5 -> 286.66667
A31: =A30+1/24 -> 42736.917 | B31: =MONTH(A31) -> 1 | C31: =HOUR(A31) -> 22 | D31: 8.625 | E31: =VLOOKUP(D31,$J$9:$K$27,2)*$B$7/1.5 -> 286.66667
A32: =A31+1/24 -> 42736.958 | B32: =MONTH(A32) -> 1 | C32: =HOUR(A32) -> 23 | D32: 8.05 | E32: =VLOOKUP(D32,$J$9:$K$27,2)*$B$7/1.5 -> 286.66667
A33: =A32+1/24 -> 42737 | B33: =MONTH(A33) -> 1 | C33: =HOUR(A33) -> 0 | D33: 8.05 | E33: =VLOOKUP(D33,$J$9:$K$27,2)*$B$7/1.5 -> 286.66667
A34: =A33+1/24 -> 42737.042 | B34: =MONTH(A34) -> 1 | C34: =HOUR(A34) -> 1 | D34: 5.75 | E34: =VLOOKUP(D34,$J$9:$K$27,2)*$B$7/1.5 -> 0
A35: =A34+1/24 -> 42737.083 | B35: =MONTH(A35) -> 1 | C35: =HOUR(A35) -> 2 | D35: 0 | E35: =VLOOKUP(D35,$J$9:$K$27,2)*$B$7/1.5 -> 0
A36: =A35+1/24 -> 42737.125 | B36: =MONTH(A36) -> 1 | C36: =HOUR(A36) -> 3 | D36: 0 | E36: =VLOOKUP(D36,$J$9:$K$27,2)*$B$7/1.5 -> 0
A37: =A36+1/24 -> 42737.167 | B37: =MONTH(A37) -> 1 | C37: =HOUR(A37) -> 4 | D37: 0 | E37: =VLOOKUP(D37,$J$9:$K$27,2)*$B$7/1.5 -> 0
A38: =A37+1/24 -> 42737.208 | B38: =MONTH(A38) -> 1 | C38: =HOUR(A38) -> 5 | D38: 0 | E38: =VLOOKUP(D38,$J$9:$K$27,2)*$B$7/1.5 -> 0
A39: =A38+1/24 -> 42737.25 | B39: =MONTH(A39) -> 1 | C39: =HOUR(A39) -> 6 | D39: 3.45 | E39: =VLOOKUP(D39,$J$9:$K$27,2)*$B$7/1.5 -> 0
... A8768: =A8767+1/24 -> 43100.958 | B8768: =MONTH(A8768) -> 12 | C8768: =HOUR(A8768) -> 23 | D8768: 19.55 | E8768: =VLOOKUP(D8768,$J$9:$K$27,2)*$B$7/1.5 -> 6160

Sheet Solar Output
D3: Capacity Factor: | E3: =E4/(1000*8760*B4*1000*I13/D4) -> 0.15772012
A4: DC System Size | B4: ='Hourly Model'!C8 -> 10 | D4: =MAX(D6:D8765) -> 9217.0626 | E4: =SUM(E6:E8765) -> 14989898
A5: Date-time | B5: month | C5: hour | D5: AC System Output (W) | E5: Size Adjusted Output
A6: 42736 | B6: =MONTH(A6) -> 1 | C6: =HOUR(A6) -> 0 | D6: 0 | E6: =D6*$B$4/10 -> 0 | H6: Source: | I6: https://pvwatts.nrel.gov/pvwatts.php
A7: =A6+1/24 -> 42736.042 | B7: =MONTH(A7) -> 1 | C7: =HOUR(A7) -> 1 | D7: 0 | E7: =D7*$B$4/10 -> 0 | H7: PVWatts: Hourly PV Performance Data
A8: =A7+1/24 -> 42736.083 | B8: =MONTH(A8) -> 1 | C8: =HOUR(A8) -> 2 | D8: 0 | E8: =D8*$B$4/10 -> 0 | H8: Requested Location: | I8: boston, MA
A9: =A8+1/24 -> 42736.125 | B9: =MONTH(A9) -> 1 | C9: =HOUR(A9) -> 3 | D9: 0 | E9: =D9*$B$4/10 -> 0 | H9: Location: | I9: Lat, Lon: 42.37, -71.06
A10: =A9+1/24 -> 42736.167 | B10: =MONTH(A10) -> 1 | C10: =HOUR(A10) -> 4 | D10: 0 | E10: =D10*$B$4/10 -> 0 | H10: Lat (deg N): | I10: 42.37
A11: =A10+1/24 -> 42736.208 | B11: =MONTH(A11) -> 1 | C11: =HOUR(A11) -> 5 | D11: 0 | E11: =D11*$B$4/10 -> 0 | H11: Long (deg W): | I11: 71.06
A12: =A11+1/24 -> 42736.25 | B12: =MONTH(A12) -> 1 | C12: =HOUR(A12) -> 6 | D12: 0 | E12: =D12*$B$4/10 -> 0 | H12: Elev (m): | I12: 15.48
A13: =A12+1/24 -> 42736.292 | B13: =MONTH(A13) -> 1 | C13: =HOUR(A13) -> 7 | D13: 0 | E13: =D13*$B$4/10 -> 0 | H13: DC System Size (kW): | I13: 10
A14: =A13+1/24 -> 42736.333 | B14: =MONTH(A14) -> 1 | C14: =HOUR(A14) -> 8 | D14: 708.2896 | E14: =D14*$B$4/10 -> 708.2896 | H14: Module Type: | I14: Standard
A15: =A14+1/24 -> 42736.375 | B15: =MONTH(A15) -> 1 | C15: =HOUR(A15) -> 9 | D15: 1129.5231 | E15: =D15*$B$4/10 -> 1129.5231 | H15: Array Type: | I15: Fixed (open rack)
A16: =A15+1/24 -> 42736.417 | B16: =MONTH(A16) -> 1 | C16: =HOUR(A16) -> 10 | D16: 1224.4694 | E16: =D16*$B$4/10 -> 1224.4694 | H16: Array Tilt (deg): | I16: 20
A17: =A16+1/24 -> 42736.458 | B17: =MONTH(A17) -> 1 | C17: =HOUR(A17) -> 11 | D17: 1659.0774 | E17: =D17*$B$4/10 -> 1659.0774 | H17: Array Azimuth (deg): | I17: 180
A18: =A17+1/24 -> 42736.5 | B18: =MONTH(A18) -> 1 | C18: =HOUR(A18) -> 12 | D18: 2055.2789 | E18: =D18*$B$4/10 -> 2055.2789 | H18: System Losses: | I18: 14.08
A19: =A18+1/24 -> 42736.542 | B19: =MONTH(A19) -> 1 | C19: =HOUR(A19) -> 13 | D19: 1889.7156 | E19: =D19*$B$4/10 -> 1889.7156 | H19: Invert Efficiency: | I19: 96
A20: =A19+1/24 -> 42736.583 | B20: =MONTH(A20) -> 1 | C20: =HOUR(A20) -> 14 | D20: 628.8913 | E20: =D20*$B$4/10 -> 628.8913 | H20: DC to AC Size Ratio: | I20: 1.2
A21: =A20+1/24 -> 42736.625 | B21: =MONTH(A21) -> 1 | C21: =HOUR(A21) -> 15 | D21: 394.14755 | E21: =D21*$B$4/10 -> 394.14755 | H21: Average Cost of Electricity Purchased from Utility ($/kWh): | I21: 0.149
A22: =A21+1/24 -> 42736.667 | B22: =MONTH(A22) -> 1 | C22: =HOUR(A22) -> 16 | D22: 0 | E22: =D22*$B$4/10 -> 0 | H22: Capacity Factor (%) | I22: 14.9
A23: =A22+1/24 -> 42736.708 | B23: =MONTH(A23) -> 1 | C23: =HOUR(A23) -> 17 | D23: 0 | E23: =D23*$B$4/10 -> 0
A24: =A23+1/24 -> 42736.75 | B24: =MONTH(A24) -> 1 | C24: =HOUR(A24) -> 18 | D24: 0 | E24: =D24*$B$4/10 -> 0
A25: =A24+1/24 -> 42736.792 | B25: =MONTH(A25) -> 1 | C25: =HOUR(A25) -> 19 | D25: 0 | E25: =D25*$B$4/10 -> 0
A26: =A25+1/24 -> 42736.833 | B26: =MONTH(A26) -> 1 | C26: =HOUR(A26) -> 20 | D26: 0 | E26: =D26*$B$4/10 -> 0
A27: =A26+1/24 -> 42736.875 | B27: =MONTH(A27) -> 1 | C27: =HOUR(A27) -> 21 | D27: 0 | E27: =D27*$B$4/10 -> 0
A28: =A27+1/24 -> 42736.917 | B28: =MONTH(A28) -> 1 | C28: =HOUR(A28) -> 22 | D28: 0 | E28: =D28*$B$4/10 -> 0
A29: =A28+1/24 -> 42736.958 | B29: =MONTH(A29) -> 1 | C29: =HOUR(A29) -> 23 | D29: 0 | E29: =D29*$B$4/10 -> 0
A30: =A29+1/24 -> 42737 | B30: =MONTH(A30) -> 1 | C30: =HOUR(A30) -> 0 | D30: 0 | E30: =D30*$B$4/10 -> 0
A31: =A30+1/24 -> 42737.042 | B31: =MONTH(A31) -> 1 | C31: =HOUR(A31) -> 1 | D31: 0 | E31: =D31*$B$4/10 -> 0
A32: =A31+1/24 -> 42737.083 | B32: =MONTH(A32) -> 1 | C32: =HOUR(A32) -> 2 | D32: 0 | E32: =D32*$B$4/10 -> 0
A33: =A32+1/24 -> 42737.125 | B33: =MONTH(A33) -> 1 | C33: =HOUR(A33) -> 3 | D33: 0 | E33: =D33*$B$4/10 -> 0
A34: =A33+1/24 -> 42737.167 | B34: =MONTH(A34) -> 1 | C34: =HOUR(A34) -> 4 | D34: 0 | E34: =D34*$B$4/10 -> 0
... A8765: =A8764+1/24 -> 43100.958 | B8765: =MONTH(A8765) -> 12 | C8765: =HOUR(A8765) -> 23 | D8765: 0 | E8765: =D8765*$B$4/10 -> 0
D8766: =SUM(D6:D8765)/1000 -> 14989.898 | E8766: =SUM(E6:E8765)/1000 -> 14989.898
